,US New Cases,Global New Cases
2020-03,173235,748059
2020-04,856161,2313745
2020-05,756578,2896112
2020-06,820214,4285155
2020-07,1883014,7046657
2020-08,1524956,8312083
2020-09,1202102,8720743
2020-10,1816173,12408194
2020-11,4375472,17073932
2020-12,6171889,19067884
2021-01,6287105,19783341
2021-02,2465880,11043495
2021-03,1777211,14434040
2021-04,1832807,22018348
2021-05,981357,20199037
2021-06,386175,11432862
2021-07,1374729,15803113
2021-08,4122589,19803981
2021-09,4179781,16136174
2021-10,2660392,13362811
2021-11,2440689,15407508
2021-12,5455059,24685580
2022-01,20378558,89545681
2022-02,4368746,58641342
2022-03,1020742,50434596
2022-04,694990,19345332
